step,time,simulated_people,fixed_co2_ppm,fixed_effective_outdoor_air_m3h,reactive_co2_ppm,reactive_effective_outdoor_air_m3h,predictive_co2_ppm,predictive_effective_outdoor_air_m3h
0,00:00,0,584.8,300,594.8,100,594.8,100
1,00:05,0,571.0,300,589.8,100,589.8,100
2,00:10,0,558.3,300,584.8,100,584.8,100
3,00:15,0,546.6,300,580.1,100,580.1,100
4,00:20,0,536.0,300,575.5,100,575.5,100
5,00:25,0,526.2,300,571.0,100,571.0,100
6,00:30,0,517.3,300,566.6,100,566.6,100
7,00:35,0,509.1,300,562.4,100,562.4,100
8,00:40,0,501.6,300,558.3,100,558.3,100
9,00:45,0,494.7,300,554.3,100,554.3,100
10,00:50,0,488.4,300,550.4,100,550.4,100
11,00:55,0,482.7,300,546.6,100,546.6,100
12,01:00,0,477.4,300,543.0,100,543.0,100
13,01:05,0,472.6,300,539.4,100,539.4,100
14,01:10,0,468.1,300,536.0,100,536.0,100
15,01:15,0,464.1,300,532.6,100,532.6,100
16,01:20,0,460.4,300,529.4,100,529.4,100
17,01:25,0,457.0,300,526.2,100,526.2,100
18,01:30,0,453.9,300,523.1,100,523.1,100
19,01:35,0,451.0,300,520.2,100,520.2,100
20,01:40,0,448.4,300,517.3,100,517.3,100
21,01:45,0,446.0,300,514.5,100,514.5,100
22,01:50,0,443.8,300,511.7,100,511.7,100
23,01:55,0,441.8,300,509.1,100,509.1,100
24,02:00,0,440.0,300,506.5,100,506.5,100
25,02:05,0,438.3,300,504.0,100,504.0,100
26,02:10,0,436.8,300,501.6,100,501.6,100
27,02:15,0,435.3,300,499.2,100,499.2,100
28,02:20,0,434.1,300,496.9,100,496.9,100
29,02:25,0,432.9,300,494.7,100,494.7,100
30,02:30,0,431.8,300,492.6,100,492.6,100
31,02:35,0,430.8,300,490.5,100,490.5,100
32,02:40,0,429.9,300,488.4,100,488.4,100
33,02:45,0,429.1,300,486.4,100,486.4,100
34,02:50,0,428.3,300,484.5,100,484.5,100
35,02:55,0,427.6,300,482.7,100,482.7,100
36,03:00,0,427.0,300,480.9,100,480.9,100
37,03:05,0,426.4,300,479.1,100,479.1,100
38,03:10,0,425.8,300,477.4,100,477.4,100
39,03:15,0,425.3,300,475.7,100,475.7,100
40,03:20,0,424.9,300,474.1,100,474.1,100
41,03:25,0,424.5,300,472.6,100,472.6,100
42,03:30,0,424.1,300,471.0,100,471.0,100
43,03:35,0,423.8,300,469.6,100,469.6,100
44,03:40,0,423.4,300,468.1,100,468.1,100
45,03:45,0,423.2,300,466.7,100,466.7,100
46,03:50,0,422.9,300,465.4,100,465.4,100
47,03:55,0,422.6,300,464.1,100,464.1,100
48,04:00,0,422.4,300,462.8,100,462.8,100
49,04:05,0,422.2,300,461.6,100,461.6,100
50,04:10,0,422.0,300,460.4,100,460.4,100
51,04:15,0,421.9,300,459.2,100,459.2,100
52,04:20,0,421.7,300,458.1,100,458.1,100
53,04:25,0,421.6,300,457.0,100,457.0,100
54,04:30,0,421.4,300,455.9,100,455.9,100
55,04:35,0,421.3,300,454.9,100,454.9,100
56,04:40,0,421.2,300,453.9,100,453.9,100
57,04:45,0,421.1,300,452.9,100,452.9,100
58,04:50,0,421.0,300,451.9,100,451.9,100
59,04:55,0,420.9,300,451.0,100,451.0,100
60,05:00,0,420.8,300,450.1,100,450.1,100
61,05:05,0,420.8,300,449.2,100,449.2,100
62,05:10,0,420.7,300,448.4,100,448.4,100
63,05:15,0,420.6,300,447.6,100,447.6,100
64,05:20,0,420.6,300,446.8,100,446.8,100
65,05:25,0,420.5,300,446.0,100,446.0,100
66,05:30,0,420.5,300,445.3,100,445.3,100
67,05:35,0,420.5,300,444.5,100,444.5,100
68,05:40,0,420.4,300,443.8,100,443.8,100
69,05:45,0,420.4,300,443.1,100,443.1,100
70,05:50,0,420.3,300,442.5,100,442.5,100
71,05:55,0,420.3,300,441.8,100,441.8,100
72,06:00,0,420.3,300,441.2,100,441.2,100
73,06:05,0,420.3,300,440.6,100,440.6,100
74,06:10,0,420.2,300,440.0,100,440.0,100
75,06:15,0,420.2,300,439.4,100,439.4,100
76,06:20,0,420.2,300,438.8,100,438.8,100
77,06:25,0,420.2,300,438.3,100,438.3,100
78,06:30,0,420.2,300,437.8,100,437.8,100
79,06:35,0,420.2,300,437.3,100,437.3,100
80,06:40,0,420.1,300,436.8,100,436.8,100
81,06:45,0,420.1,300,436.3,100,436.3,100
82,06:50,0,420.1,300,435.8,100,435.8,100
83,06:55,0,420.1,300,435.3,100,435.3,100
84,07:00,0,420.1,300,434.9,100,434.9,100
85,07:05,0,420.1,300,434.5,100,434.5,100
86,07:10,0,420.1,300,434.1,100,434.1,100
87,07:15,0,420.1,300,433.6,100,433.6,100
88,07:20,0,420.1,300,433.3,100,433.3,100
89,07:25,0,420.1,300,432.9,100,432.9,100
90,07:30,0,420.1,300,432.5,100,432.5,100
91,07:35,0,420.1,300,432.1,100,432.1,100
92,07:40,0,420.1,300,431.8,100,431.8,100
93,07:45,0,420.0,300,431.4,100,431.4,100
94,07:50,0,420.0,300,431.1,100,431.1,100
95,07:55,0,420.0,300,430.8,100,430.8,100
96,08:00,0,420.0,300,430.5,100,430.5,100
97,08:05,0,420.0,300,430.2,100,430.2,100
98,08:10,0,420.0,300,429.9,100,429.9,100
99,08:15,0,420.0,300,429.6,100,429.6,100
100,08:20,0,420.0,300,429.3,100,429.3,100
101,08:25,0,420.0,300,429.1,100,429.1,100
102,08:30,0,420.0,300,428.8,100,428.8,100
103,08:35,0,420.0,300,428.5,100,428.5,100
104,08:40,0,420.0,300,428.3,100,428.3,100
105,08:45,0,420.0,300,428.1,100,428.1,100
106,08:50,0,420.0,300,427.8,100,427.8,100
107,08:55,0,420.0,300,427.6,100,427.6,100
108,09:00,0,420.0,300,427.4,100,427.4,100
109,09:05,0,420.0,300,427.2,100,427.2,100
110,09:10,0,420.0,300,427.0,100,427.0,100
111,09:15,0,420.0,300,426.8,100,426.8,100
112,09:20,0,420.0,300,426.6,100,426.6,100
113,09:25,0,420.0,300,426.4,100,426.4,100
114,09:30,0,420.0,300,426.2,100,426.2,100
115,09:35,0,420.0,300,426.0,100,426.0,100
116,09:40,0,420.0,300,425.8,100,425.8,100
117,09:45,0,420.0,300,425.7,100,425.7,100
118,09:50,0,420.0,300,425.5,100,425.5,100
119,09:55,0,420.0,300,425.3,100,425.3,100
120,10:00,0,420.0,300,425.2,100,425.2,100
121,10:05,0,420.0,300,425.0,100,425.0,100
122,10:10,0,420.0,300,424.9,100,424.9,100
123,10:15,0,420.0,300,424.8,100,424.8,100
124,10:20,9,465.5,300,467.5,600,471.4,100
125,10:25,9,507.1,300,503.4,600,516.7,100
126,10:30,9,545.2,300,533.5,600,560.7,100
127,10:35,9,580.1,300,558.7,600,603.4,100
128,10:40,9,612.1,300,579.9,600,644.9,100
129,10:45,9,641.4,300,597.7,600,685.2,100
130,10:50,9,668.2,300,612.5,600,724.4,100
131,10:55,9,692.8,300,625.0,600,762.4,100
132,11:00,9,715.3,300,635.5,600,779.0,300
133,11:05,9,735.9,300,644.3,600,794.2,300
134,11:10,9,754.7,300,651.7,600,792.5,450
135,11:15,8,767.0,300,653.0,600,786.0,450
136,11:20,8,778.2,300,654.1,600,795.6,300
137,11:25,8,788.4,300,655.1,600,804.4,300
138,11:30,0,757.4,300,648.3,100,793.3,100
139,11:35,0,729.0,300,641.7,100,782.5,100
140,11:40,0,703.0,300,635.3,100,772.0,100
141,11:45,0,679.2,300,629.1,100,761.9,100
142,11:50,0,657.4,300,623.0,100,752.0,100
143,11:55,0,637.4,300,617.2,100,742.4,100
144,12:00,0,619.1,300,611.5,100,733.1,100
145,12:05,0,602.3,300,605.9,100,724.0,100
146,12:10,0,587.0,300,600.6,100,715.3,100
147,12:15,0,572.9,300,595.4,100,706.7,100
148,12:20,0,560.0,300,590.3,100,698.4,100
149,12:25,0,548.3,300,585.4,100,690.4,100
150,12:30,9,582.9,300,602.2,600,729.4,100
151,12:35,9,614.7,300,616.4,600,767.2,100
152,12:40,9,643.7,300,628.3,600,783.5,300
153,12:45,9,670.3,300,638.2,600,798.3,300
154,12:50,9,694.7,300,646.6,600,796.1,450
155,12:55,9,717.1,300,653.6,600,794.1,450
156,13:00,9,737.5,300,659.5,600,792.3,450
157,13:05,9,756.2,300,664.4,600,790.8,450
158,13:10,9,773.4,300,668.5,600,789.5,450
159,13:15,9,789.1,300,672.0,600,788.3,450
160,13:20,9,803.5,300,674.9,600,802.8,300
161,13:25,9,816.7,300,677.3,600,799.9,450
162,13:30,9,828.7,300,679.4,600,797.5,450
163,13:35,9,839.8,300,681.1,600,795.3,450
164,13:40,9,849.9,300,682.5,600,793.4,450
165,13:45,9,859.2,300,683.7,600,791.8,450
166,13:50,9,867.6,300,684.7,600,790.3,450
167,13:55,9,875.4,300,685.6,600,789.0,450
168,14:00,9,882.5,300,686.3,600,787.9,450
169,14:05,8,884.0,300,682.1,600,797.4,300
170,14:10,8,885.4,300,678.5,600,806.0,300
171,14:15,0,846.2,300,671.0,100,784.0,200
172,14:20,0,810.3,300,663.8,100,773.5,100
173,14:25,0,777.5,300,656.7,100,763.3,100
174,14:30,0,747.4,300,649.9,100,753.4,100
175,14:35,4,740.0,300,650.8,300,764.5,100
176,14:40,4,733.3,300,651.5,300,775.4,100
177,14:45,4,727.1,300,652.2,300,785.9,100
178,14:50,4,721.5,300,652.9,300,796.1,100
179,14:55,4,716.3,300,653.5,300,795.2,200
180,15:00,4,711.6,300,654.0,300,794.4,200
181,15:05,4,707.2,300,654.5,300,793.5,200
182,15:10,4,703.2,300,655.0,300,792.8,200
183,15:15,3,694.5,300,650.4,300,786.9,200
184,15:20,3,686.6,300,646.1,300,781.4,200
185,15:25,3,679.3,300,642.2,300,776.2,200
186,15:30,3,672.6,300,638.7,300,781.5,100
187,15:35,0,651.4,300,632.4,100,771.1,100
188,15:40,0,631.9,300,626.2,100,760.9,100
189,15:45,0,614.1,300,620.3,100,751.1,100
190,15:50,0,597.7,300,614.5,100,741.5,100
191,15:55,0,582.8,300,608.9,100,732.2,100
192,16:00,0,569.1,300,603.4,100,723.2,100
193,16:05,0,556.5,300,598.1,100,714.5,100
194,16:10,2,555.1,300,598.2,200,716.3,100
195,16:15,2,553.8,300,598.3,200,718.2,100
196,16:20,2,552.7,300,598.4,200,720.0,100
197,16:25,2,551.6,300,598.5,200,721.7,100
198,16:30,2,550.6,300,598.6,200,723.4,100
199,16:35,2,549.7,300,598.7,200,725.0,100
200,16:40,2,548.9,300,598.8,200,726.6,100
201,16:45,2,548.2,300,598.8,200,728.2,100
202,16:50,2,547.5,300,598.9,200,729.7,100
203,16:55,2,546.9,300,599.0,200,731.1,100
204,17:00,2,546.3,300,599.0,200,732.5,100
205,17:05,2,545.7,300,599.1,200,733.9,100
206,17:10,2,545.3,300,599.1,200,735.2,100
207,17:15,2,544.8,300,599.2,200,736.5,100
208,17:20,2,544.4,300,599.2,200,737.8,100
209,17:25,2,544.0,300,599.3,200,739.0,100
210,17:30,2,543.7,300,599.3,200,740.2,100
211,17:35,0,533.3,300,594.1,100,730.9,100
212,17:40,0,523.8,300,589.1,100,721.9,100
213,17:45,0,515.0,300,584.2,100,713.2,100
214,17:50,0,507.0,300,579.5,100,704.8,100
215,17:55,0,499.7,300,574.9,100,696.5,100
216,18:00,0,493.0,300,570.4,100,688.5,100
217,18:05,0,486.8,300,566.0,100,680.8,100
218,18:10,0,481.2,300,561.8,100,673.3,100
219,18:15,0,476.1,300,557.7,100,665.9,100
220,18:20,0,471.3,300,553.8,100,658.8,100
221,18:25,0,467.0,300,549.9,100,651.9,100
222,18:30,0,463.1,300,546.1,100,645.2,100
223,18:35,0,459.4,300,542.5,100,638.7,100
224,18:40,0,456.1,300,539.0,100,632.4,100
225,18:45,0,453.1,300,535.5,100,626.3,100
226,18:50,0,450.3,300,532.2,100,620.3,100
227,18:55,0,447.7,300,528.9,100,614.5,100
228,19:00,0,445.4,300,525.8,100,608.9,100
229,19:05,0,443.3,300,522.7,100,603.5,100
230,19:10,0,441.3,300,519.8,100,598.2,100
231,19:15,0,439.5,300,516.9,100,593.0,100
232,19:20,0,437.9,300,514.1,100,588.0,100
233,19:25,0,436.4,300,511.4,100,583.2,100
234,19:30,0,435.0,300,508.7,100,578.4,100
235,19:35,0,433.7,300,506.2,100,573.9,100
236,19:40,0,432.6,300,503.7,100,569.4,100
237,19:45,0,431.5,300,501.3,100,565.1,100
238,19:50,0,430.5,300,498.9,100,560.9,100
239,19:55,0,429.7,300,496.6,100,556.9,100
240,20:00,0,428.8,300,494.4,100,552.9,100
241,20:05,0,428.1,300,492.3,100,549.1,100
242,20:10,0,427.4,300,490.2,100,545.3,100
243,20:15,0,426.8,300,488.2,100,541.7,100
244,20:20,0,426.2,300,486.2,100,538.2,100
245,20:25,0,425.7,300,484.3,100,534.8,100
246,20:30,0,425.2,300,482.4,100,531.5,100
247,20:35,0,424.8,300,480.6,100,528.2,100
248,20:40,0,424.4,300,478.9,100,525.1,100
249,20:45,0,424.0,300,477.2,100,522.1,100
250,20:50,0,423.7,300,475.5,100,519.1,100
251,20:55,0,423.4,300,473.9,100,516.3,100
252,21:00,0,423.1,300,472.4,100,513.5,100
253,21:05,0,422.8,300,470.8,100,510.8,100
254,21:10,0,422.6,300,469.4,100,508.2,100
255,21:15,0,422.4,300,468.0,100,505.6,100
256,21:20,0,422.2,300,466.6,100,503.1,100
257,21:25,0,422.0,300,465.2,100,500.7,100
258,21:30,0,421.8,300,463.9,100,498.4,100
259,21:35,0,421.7,300,462.6,100,496.1,100
260,21:40,0,421.5,300,461.4,100,493.9,100
261,21:45,0,421.4,300,460.2,100,491.8,100
262,21:50,0,421.3,300,459.1,100,489.7,100
263,21:55,0,421.2,300,457.9,100,487.7,100
264,22:00,0,421.1,300,456.8,100,485.8,100
265,22:05,0,421.0,300,455.8,100,483.9,100
266,22:10,0,420.9,300,454.7,100,482.0,100
267,22:15,0,420.8,300,453.7,100,480.2,100
268,22:20,0,420.8,300,452.8,100,478.5,100
269,22:25,0,420.7,300,451.8,100,476.8,100
270,22:30,0,420.6,300,450.9,100,475.2,100
271,22:35,0,420.6,300,450.0,100,473.6,100
272,22:40,0,420.5,300,449.1,100,472.0,100
273,22:45,0,420.5,300,448.3,100,470.5,100
274,22:50,0,420.4,300,447.5,100,469.1,100
275,22:55,0,420.4,300,446.7,100,467.6,100
276,23:00,0,420.4,300,445.9,100,466.3,100
277,23:05,0,420.3,300,445.2,100,464.9,100
278,23:10,0,420.3,300,444.4,100,463.6,100
279,23:15,0,420.3,300,443.7,100,462.4,100
280,23:20,0,420.3,300,443.0,100,461.1,100
281,23:25,0,420.2,300,442.4,100,460.0,100
282,23:30,0,420.2,300,441.7,100,458.8,100
283,23:35,0,420.2,300,441.1,100,457.7,100
284,23:40,0,420.2,300,440.5,100,456.6,100
285,23:45,0,420.2,300,439.9,100,455.5,100
286,23:50,0,420.2,300,439.3,100,454.5,100
287,23:55,0,420.1,300,438.8,100,453.5,100
